UF;Saldo
RO;1.65326e+06
AC;0
AM;0
RR;645364
PA;594320
AP;0
TO;764260
MA;2.04763e+06
PI;1.31261e+06
CE;2.18968e+06
RN;880137
PB;880267
PE;0
AL;0
SE;909651
BA;1.82238e+06
MG;2.21654e+07
ES;3.96069e+06
RJ;2.02412e+07
SP;3.52252e+07
PR;1.28953e+07
SC;0
RS;1.38277e+07
MS;902007
MT;752408
GO;2.33383e+06
DF;2.74921e+06
